{
    "providers": [
        {
            "type": "bitmap",
            "file": "minecraft:font/telegram.png",
            "ascent": 8,
            "height": 10,
            "chars": [
                "æ"
            ]
        },
        {
            "type": "bitmap",
            "file": "minecraft:font/logo.png",
            "ascent": 45,
            "height": 100,
            "chars": [
                "█"
            ]
        },
		{
            "type": "bitmap",
            "file": "minecraft:font/discord.png",
            "ascent": 8,
            "height": 10,
            "chars": [
                "ῧ"
            ]
        },
		{
            "type": "bitmap",
            "file": "minecraft:font/clock.png",
            "ascent": 15,
            "height": 25,
            "chars": [
                "ψ"
            ]
        },
		{
            "type": "bitmap",
            "file": "minecraft:font/vip.png",
            "ascent": 7,
            "height": 8,
            "chars": [
                "ᾜ"
            ]
        },
		{
            "type": "bitmap",
            "file": "minecraft:font/player.png",
            "ascent": 9.5,
            "height": 12,
            "chars": [
                "∂"
            ]
        },
		{
            "type": "bitmap",
            "file": "minecraft:font/moder.png",
            "ascent": 9,
            "height": 12,
            "chars": [
                "ǩ"
            ]
        },
		{
            "type": "bitmap",
            "file": "minecraft:font/admin.png",
            "ascent": 10,
            "height": 14,
            "chars": [
                "Å"
            ]
        }
    ]
}